<?xml version="1.0"?>

<!DOCTYPE hibernate-mapping PUBLIC
    "-//Hibernate/Hibernate Mapping DTD 2.0//EN" 
    "http://hibernate.sourceforge.net/hibernate-mapping-2.0.dtd">

<hibernate-mapping>
    <class
        name="edu.common.dynamicextensions.domain.databaseproperties.DatabaseProperties"
        table="DYEXTN_DATABASE_PROPERTIES"
        dynamic-update="false"
        dynamic-insert="false"
    >

        <id
            name="id"
            column="IDENTIFIER"
            type="long"
            length="30"
            unsaved-value="null"
        >
            <generator class="native">
                <param name="sequence">DYEXTN_DATABASE_PROPERTIES_SEQ</param>
            </generator>
        </id>

        <property
            name="name"
            type="string"
            update="true"
            insert="true"
            column="NAME"
        />

        <!--
            To add non XDoclet property mappings, create a file named
                hibernate-properties-DatabaseProperties.xml
            containing the additional properties and place it in your merge dir.
        -->

        <joined-subclass
            name="edu.common.dynamicextensions.domain.databaseproperties.TableProperties"
            table="DYEXTN_TABLE_PROPERTIES"
            dynamic-update="false"
            dynamic-insert="false"
        >
        <key
            column="IDENTIFIER"
        />

        </joined-subclass>
        <joined-subclass
            name="edu.common.dynamicextensions.domain.databaseproperties.ColumnProperties"
            table="DYEXTN_COLUMN_PROPERTIES"
            dynamic-update="false"
            dynamic-insert="false"
        >
        <key
            column="IDENTIFIER"
        />

        </joined-subclass>
        <joined-subclass
            name="edu.common.dynamicextensions.domain.databaseproperties.ConstraintProperties"
            table="DYEXTN_CONSTRAINT_PROPERTIES"
            dynamic-update="false"
            dynamic-insert="false"
        >
        <key
            column="IDENTIFIER"
        />
        <property
            name="sourceEntityKey"
            type="string"
            update="true"
            insert="true"
            column="SOURCE_ENTITY_KEY"
        />

        <property
            name="targetEntityKey"
            type="string"
            update="true"
            insert="true"
            column="TARGET_ENTITY_KEY"
        />

        </joined-subclass>

    </class>

</hibernate-mapping>
